{
  "train": [
    {
      "loss_total": 2324.2340388222347,
      "loss_obj": 36.97473451826308,
      "loss_cls": 110.49139127277192,
      "loss_loc": 1088.3839639330668
    },
    {
      "loss_total": 1517.3615306067088,
      "loss_obj": 19.936055168272958,
      "loss_cls": 41.9520464548989,
      "loss_loc": 727.7367141965835
    }
  ],
  "val": [
    {
      "loss_total": 1666.5402033879207,
      "loss_obj": 24.608002809377815,
      "loss_cls": 71.9415060190054,
      "loss_loc": 784.9953448955829
    },
    {
      "loss_total": 1518.9269643930288,
      "loss_obj": 18.927291796757626,
      "loss_cls": 16.483222227830154,
      "loss_loc": 741.7582303560697
    }
  ]
}