{
  "train": [
    0.022722867783159018,
    0.017127811210229993,
    0.015360794786829501,
    0.013716625369852409,
    0.012342751608230174,
    0.01129193149972707,
    0.01095454563619569,
    0.010421562154078856,
    0.01025560189737007,
    0.010074331948999316,
    0.009912707508192398,
    0.009655280140577815,
    0.009358996205264702,
    0.00948978736414574,
    0.009438227803912014,
    0.009370151645271108,
    0.009314940980402753,
    0.009173180180368945,
    0.00917108976864256,
    0.008991407579742372,
    0.0090164828725392,
    0.008788957129581831,
    0.008768939136643894,
    0.008670416849781759,
    0.008353934579645284,
    0.008040869055548683,
    0.007918937961221673,
    0.00793380023969803,
    0.0074493668507784605,
    0.007375716115348041
  ],
  "val": [
    0.018789328900831088,
    0.015553054133696216,
    0.01656925119459629,
    0.012111717169838292,
    0.01733307700072016,
    0.01184908380465848,
    0.00975767762533256,
    0.009261650033295155,
    0.008867433228130852,
    0.01009734028152057,
    0.009737252390810422,
    0.010450753516384534,
    0.008576344831713609,
    0.008606742269226484,
    0.008647527412644454,
    0.008303214396749223,
    0.00994842326534646,
    0.008199762087315321,
    0.008145468974752086,
    0.00824734675032752,
    0.008360335071172034,
    0.008008911673511778,
    0.009370083521519388,
    0.007987169748438256,
    0.007944643963128328,
    0.007914347973253046,
    0.00870944360005004,
    0.006609315983951092,
    0.00589361008522766,
    0.007893994450569153
  ]
}